1,A,Agilent Technologies Inc. Comm ,Technology,Scientific & Technical Instruments
4,AACC,Asset Acceptance Capital Corp. ,Financial,Credit Services
10,AAU,Almaden Minerals Ltd. Ordinary ,Basic Materials,Industrial Metals & Minerals
24,ABM,ABM Industries Incorporated Com ,Services,Business Services
4031,ACCO, Acco Brands Corporation Common  ,Consumer Goods,Office Supplies
42,ACH,Aluminum Corporation of China L ,Basic Materials,Aluminum
10900,ACIM,SPDR MSCI ACWI IMI ETF,Global Equity ETF,
45,ACIW,ACI Worldwide Inc. ,Technology,Technical & System Software
4036,ACRE, Ares Commercial Real Estate Cor ,Financial,REIT - Diversified
54,ACTG,Acacia Research Corporation ,Services,Research Services
57,ACUR,Acura Pharmaceuticals Inc. ,Healthcare,Drug Delivery
67,ADI,Analog Devices Inc. ,Technology,Semiconductor - Integrated Circuits
76,ADX,Adams Express Company (The) ,Financial,Closed-End Fund - Equity
79,AEB,AEGON N.V. Perp. Cap. Secs. Flo ,NULL,NULL
90,AEP,American Electric Power Company ,Utilities,Electric Utilities
91,AEPI,AEP Industries Inc. ,Consumer Goods,Rubber & Plastics
104,AFCE,AFC Enterprises Inc. ,Services,Restaurants
10535,AFK,Market Vectors-Africa Index ETF,Global Equity ETF,
111,AFOP,Alliance Fiber Optic Products  ,Technology,Semiconductor - Broad Line
4051,AFT, Apollo Senior Floating Rate Fun ,N/A,N/A
116,AGEN,Agenus Inc. ,Healthcare,Biotechnology
128,AHGP,Alliance Holdings GP L.P. ,Basic Materials,Nonmetallic Mineral Mining
130,AHPI,Allied Healthcare Products Inc ,Healthcare,Medical Appliances & Equipment
144,AIV,Apartment Investment and Manage ,Financial,REIT - Residential
11025,ALD,WisdomTree Asia Local Debt Fund ETF,Fixed Income ETF,
163,ALKS,Alkermes plc ,Healthcare,Drug Delivery
166,ALLT,Allot Communications Ltd. ,Technology,Technical & System Software
168,ALNC,Alliance Financial Corporation ,Financial,Regional - Northeast Banks
4069,ALT, iShares Diversified Alternative ,N/A,N/A
179,ALU,Alcatel-Lucent Common ,Technology,Communication Equipment
181,ALVR,Alvarion Ltd. ,Technology,Wireless Communications
4075,AMPE, Ampio Pharmaceuticals  Inc. ,Healthcare,Drug Manufacturers - Major
217,AMT,American Tower Corporation (REI ,Technology,Diversified Communication Services
224,ANAD,ANADIGICS Inc. ,Technology,Semiconductor - Integrated Circuits
239,ANSS,ANSYS Inc. ,Technology,Technical & System Software
253,APAGF,Apco Oil and Gas International  ,Basic Materials,Independent Oil & Gas
260,APKT,Acme Packet Inc. ,Technology,Communication Equipment
271,ARAY,Accuray Incorporated ,Healthcare,Medical Appliances & Equipment
272,ARB,Arbitron Inc. Common ,Services,Marketing Services
274,ARCI,Appliance Recycling Centers of  ,Consumer Goods,Appliances
287,ARMH,ARM Holdings plc ,NULL,NULL
293,ARRS,Arris Group Inc ,Technology,Communication Equipment
302,ARW,Arrow Electronics Inc. Common  ,Services,Electronics Wholesale
306,ASA,ASA  Gold and Precious Metals L ,Financial,Closed-End Fund - Equity
308,ASBI,Ameriana Bancorp ,Financial,Savings & Loans
312,ASFI,Asta Funding Inc. ,Services,Business Services
315,ASH,Ashland Inc. (NEW) Common ,Basic Materials,Chemicals - Major Diversified
323,ASTC,Astrotech Corporation ,Industrial Goods,Aerospace/Defense Products & Services
333,ATC,ATC Venture Group Inc. ,Consumer Goods,Auto Parts
4109,ATL, Atlatsa Resources Corporation ,Basic Materials,Industrial Metals & Minerals
343,ATMI,ATMI Inc. ,Technology,Semiconductor Equipment & Materials
10546,AUD,PIMCO Australia Bond Index Fund ETF,Fixed Income ETF,
11027,AUNZ,WisdomTree Australia & New Zealand Debt Fund,Fixed Income ETF,
366,AUY,Yamana Gold Inc. Ordinary Shar ,Basic Materials,Gold
369,AVAV,AeroVironment Inc. ,Industrial Goods,Aerospace/Defense Products & Services
375,AVGO,Avago Technologies Limited ,Technology,Semiconductor - Broad Line
381,AVT,Avnet Inc. Common ,Services,Electronics Wholesale
382,AVX,AVX Corporation Common ,Technology,Diversified Electronics
10338,AXEN,iShares MSCI ACWI ex US Energy Sector Index Fund (AXEN) ETF,Global Equity ETF,
399,AXU,Alexco Resource Corp Common Sha ,Basic Materials,Nonmetallic Mineral Mining
402,AZC,Augusta Resource Corporation Or ,Basic Materials,Industrial Metals & Minerals
407,AZZ,AZZ Incorporated Common ,Industrial Goods,Metal Fabrication
415,BAK,Braskem SA ADR ,Basic Materials,Chemicals - Major Diversified
424,BAX,Baxter International Inc. Commo ,Healthcare,Medical Instruments & Supplies
4133,BBRC, EGShares Beyond BRICs ETF ,N/A,N/A
4139,BCOR, Blucora  Inc. ,Technology,Internet Information Providers
446,BCOV,Brightcove Inc. ,Technology,Application Software
451,BDC,Belden Inc Common ,Industrial Goods,Industrial Electrical Equipment
464,BELFB,Bel Fuse Inc. ,Technology,Diversified Electronics
467,BEST,Shiner International Inc. ,Consumer Goods,Packaging & Containers
4151,BFO, Blackrock Florida Municipal 202 ,Financial,Closed-End Fund - Debt
474,BGCP,BGC Partners Inc. ,Financial,Investment Brokerage - National
483,BHP,BHP Billiton Limited Common Sto ,Basic Materials,Industrial Metals & Minerals
4165,BHY, Blackrock High Yield Trust (The ,Financial,Closed-End Fund - Debt
485,BIDU,Baidu Inc. ,Technology,Internet Information Providers
10606,BKLN,PowerShares Exchange-Traded Fund ETF,Fixed Income ETF,
506,BKMU,Bank Mutual Corporation ,Financial,Savings & Loans
509,BKS,Barnes & Noble Inc. Common Sto ,Services,Specialty Retail Other
4182,BLMT, BSB Bancorp  Inc. ,Financial,Money Center Banks
4190,BNNY, Annie's  Inc. Common ,Consumer Goods,Food - Major Diversified
540,BOFI,BofI Holding Inc. ,Financial,Savings & Loans
542,BOKF,BOK Financial Corporation ,Financial,Regional - Southwest  Banks
558,BPOP,Popular Inc. ,Financial,Foreign Regional Banks
4200,BPOPM, Popular  Inc. ,N/A,N/A
4202,BPP, BlackRock Credit Allocation Inc ,N/A,N/A
10133,BRAQ,Global X Brazil Consumer ETF,Global Equity ETF,
10135,BRAZ,Global X Brazil Mid Cap ETF,Global Equity ETF,
565,BRD,Brigus Gold Corp Ordinary Share ,Basic Materials,Gold
10033,BRXX,EGShares Brazil Infrastructure ETF,Global Equity ETF,
10165,BSCC,Guggenheim BulletShares 2012 Corporate Bond ETF,Fixed Income ETF,
10169,BSCE,Guggenheim BulletShares 2014 Corporate Bond ETF,Fixed Income ETF,
580,BSI,Alon Holdings - Blue Square Isr ,Services,Department Stores
10174,BSJG,Guggenheim BulletShares 2016 HY C Bd ETF,Fixed Income ETF,
583,BSRR,Sierra Bancorp ,Financial,Regional - Pacific Banks
587,BTC,Community Bankers Trust Corpora ,Financial,Diversified Investments
10552,BUND,PIMCO Germany Bond Index Fund,Fixed Income ETF,
599,BVN,Compania Mina Buenaventura S.A ,Basic Materials,Gold
10861,BWX,SPDR Barclays Capital International Treasury Bond ETF,Fixed Income ETF,
620,C,Citigroup Inc. Common ,Financial,Money Center Banks
622,CAAS,China Automotive Systems Inc. ,Consumer Goods,Auto Parts
631,CAE,CAE Inc. Ordinary Shares ,Industrial Goods,Aerospace/Defense Products & Services
635,CAH,Cardinal Health Inc. Common St ,Services,Drugs Wholesale
645,CAMP,CalAmp Corp. ,Technology,Communication Equipment
650,CARV,Carver Bancorp Inc. ,Financial,Savings & Loans
656,CASY,Caseys General Stores Inc. ,Services,Grocery Stores
663,CAW,CCA Industries Inc. Common Sto ,Consumer Goods,Personal Products
681,CBMX,CombiMatrix Corporation ,Healthcare,Medical Laboratories & Research
708,CCL,Carnival Corporation Common Sto ,Services,Resorts & Casinos
4246,CCX, WisdomTree Dreyfus Commodity Cu ,N/A,N/A
727,CDZI,Cadiz Inc. ,Services,Business Services
729,CEA,China Eastern Airlines Corporat ,Services,Major Airlines
732,CECO,Career Education Corporation ,Services,Education & Training Services
4256,CET, Central Securities Corporation  ,Financial,Closed-End Fund - Equity
749,CEVA,CEVA Inc. ,Technology,Semiconductor - Specialized
751,CFBK,Central Federal Corporation ,Financial,Savings & Loans
4260,CFFN, Capitol Federal Financial  Inc. ,Financial,Savings & Loans
764,CGNX,Cognex Corporation ,Technology,Scientific & Technical Instruments
769,CHBT,CHINA BIOTICS INC ,Healthcare,Drug Manufacturers - Other
770,CHC,China Hydroelectric Corporation ,Utilities,Diversified Utilities
10139,CHII,Global X China Industrials ETF,Global Equity ETF,
10136,CHIQ,Global X China Consumer ETF,Global Equity ETF,
4269,CHN, China Fund  Inc. (The) Common S ,Financial,Closed-End Fund - Foreign
790,CHOP,China Gerui Advanced Materials  ,Basic Materials,Steel & Iron
792,CHRW,C.H. Robinson Worldwide Inc. ,Services,Air Delivery & Freight Services
795,CHT,Chunghwa Telecom Co Ltd America ,Technology,Telecom Services - Domestic
10034,CHXX,EGShares China Infrastructure ETF,Global Equity ETF,
802,CIB,BanColombia S.A. Common ,Financial,Foreign Regional Banks
4278,CIK, Credit Suisse Asset Management  ,Financial,Closed-End Fund - Debt
839,CLP,Colonial Properties Trust Commo ,Financial,REIT - Residential
850,CMC,Commercial Metals Company Commo ,Basic Materials,Steel & Iron
4292,CNDO, Coronado Biosciences  Inc. ,Healthcare,Biotechnology
886,CNTF,China TechFaith Wireless Commun ,Technology,Diversified Communication Services
889,CNX,CONSOL Energy Inc. Common ,Basic Materials,Industrial Metals & Minerals
10141,COPX,Global X Copper Miners ETF,Global Equity ETF,
920,COWN,Cowen Group Inc. ,Financial,Investment Brokerage - National
4302,CPI, IQ Real Return ETF ,N/A,N/A
930,CPIX,Cumberland Pharmaceuticals Inc. ,Healthcare,Drug Manufacturers - Other
932,CPL,CPFL Energia S.A. CPFL Energia  ,Utilities,Foreign Utilities
934,CPLP,Capital Product Partners L.P. ,Services,Shipping
946,CQB,Chiquita Brands International  ,Consumer Goods,Farm Products
4306,CRMB, Crumbs Bake Shop  Inc. ,Consumer Goods,Food - Major Diversified
976,CRTP,CHINA RITAR POWER CP ,Industrial Goods,Industrial Electrical Equipment
998,CSIQ,Canadian Solar Inc. ,Technology,Semiconductor - Specialized
10247,CSJ,iShares Barclays 1-3 Year Credit Bond Fund ETF,Fixed Income ETF,
999,CSL,Carlisle Companies Incorporated ,Consumer Goods,Rubber & Plastics
1001,CSRE,CSR plc ,NULL,NULL
1005,CSUN,China Sunergy Co. Ltd. ,Technology,Semiconductor - Integrated Circuits
1011,CTB,Cooper Tire & Rubber Company Co ,Consumer Goods,Rubber & Plastics
1013,CTC,IFM Investments Limited ,Financial,Real Estate Development
1024,CTL,CenturyLink Inc. Common ,Technology,Telecom Services - Domestic
4325,CUBA, The Herzfeld Caribbean Basin Fu ,Financial,Closed-End Fund - Foreign
4328,CUNB, CU Bancorp (CA) ,Financial,Regional - Pacific Banks
1079,CYCC,Cyclacel Pharmaceuticals Inc. ,Healthcare,Biotechnology
1085,CYOU,Changyou.com Limited ,Technology,Multimedia & Graphics Software
1098,DAL,Delta Air Lines Inc. (New) Comm ,Services,Major Airlines
1104,DB,Deutsche Bank AG Common ,Financial,Foreign Regional Banks
1106,DBLE,Double Eagle Petroleum Company ,Basic Materials,Independent Oil & Gas
1126,DELL,Dell Inc. ,Technology,Personal Computers
1131,DEXO,Dex One Corporation Common Stoc ,Services,Marketing Services
4367,DGICB, Donegal Group  Inc. ,Financial,Property & Casualty Insurance
4373,DHFT, Diamond Hill Financial Trends F ,Financial,Closed-End Fund - Equity
1155,DISH,DISH Network Corporation ,Services,CATV Systems
4386,DMO, Western Asset Mortgage Defined  ,N/A,N/A
1175,DNB,Dun & Bradstreet Corporation (T ,Technology,Information & Delivery Services
1188,DPM,DCP Midstream Partners LP DCP  ,Basic Materials,Oil & Gas Pipelines
1192,DQ,DAQQ New Energy Corp. American  ,Technology,Semiconductor Equipment & Materials
1195,DRCO,Dynamics Research Corporation ,Technology,Business Software & Services
1206,DSCI,Derma Sciences Inc. ,Healthcare,Medical Instruments & Supplies
4410,DTK, Deutsche Bk Contingent Cap Tr I ,N/A,N/A
4413,DTT, Deutsche Bank Cap Fdg Tr IX Gua ,N/A,N/A
1222,DV,DeVry Inc. Common ,Services,Education & Training Services
1233,DWSN,Dawson Geophysical Company ,Basic Materials,Oil & Gas Equipment & Services
1238,DXYN,The Dixie Group Inc. ,Industrial Goods,Textile Industrial
1256,ECBE,ECB Bancorp Inc Common ,Financial,Regional - Mid-Atlantic Banks
1258,ECL,Ecolab Inc. Common ,Consumer Goods,Cleaning Products
10361,ECNS,iShares MSCI China Small Cap Index Fund (ECNS) ETF,Global Equity ETF,
1262,ECTY,Ecotality Inc. ,Industrial Goods,Diversified Machinery
1269,EDMC,Education Management Corporatio ,Services,Education & Training Services
1270,EDN,Empresa Distribuidora Y Comerci ,Utilities,Electric Utilities
10368,EEMA,iShares MSCI Emerging Markets Asia ETF,Global Equity ETF,
10371,EEME,iShares MSCI Emerging Markets EMEA,Global Equity ETF,
10374,EEML,iShares MSCI Emerging Markets Latin Amer,Global Equity ETF,
1278,EEP,Enbridge Energy L.P. Class A C ,Basic Materials,Oil & Gas Pipelines
1287,EGHT,8x8 Inc ,Technology,Communication Equipment
10397,EIDO,iShares MSCI Indonesia Investable Market Index Fund ETF,Global Equity ETF,
1298,EIHI,Eastern Insurance Holdings Inc ,Financial,Accident & Health Insurance
1300,EJ,E-House (China) Holdings Limite ,Financial,Property Management
1307,ELOS,Syneron Medical Ltd. ,Healthcare,Medical Appliances & Equipment
1310,ELS,Equity Lifestyle Properties In ,Financial,REIT - Residential
11034,EMCB,WisdomTree Emer Mkts Corporate Bond ETF,Fixed Income ETF,
10372,EMFN,iShares MSCI Emerging Markets Financials Sector Index Fund ETF,Global Equity ETF,
10040,EMT,EGShares Emerging Markets Metals/Mining ETF,Global Equity ETF,
4473,EMXX, Eurasian Minerals Inc Common Sh ,Basic Materials,Industrial Metals & Minerals
1330,ENI,Enersis S A Common ,Utilities,Foreign Utilities
4476,ENVI, Envivio  Inc. ,Technology,Communication Equipment
10407,ENZL,iShares MSCI New Zealand Investable Market Index Fund (ENZL) ETF,Global Equity ETF,
1352,EPM,Evolution Petroleum Corporation ,Basic Materials,Independent Oil & Gas
1383,ESSX,Essex Rental Corporation ,Services,Rental & Leasing Services
4506,ETY, Eaton Vance Tax-Managed Diversi ,Financial,Closed-End Fund - Equity
4507,EU, WisdomTree Euro Debt  Fund ,N/A,N/A
1400,EVR,Evercore Partners Inc Class A C ,Financial,Asset Management
1401,EW,Edwards Lifesciences Corporatio ,Healthcare,Medical Appliances & Equipment
10350,EWA,iShares MSCI Australia Index Fund ETF,Global Equity ETF,
10358,EWCS,iShares MSCI Canada Small Cap Index Fund,Global Equity ETF,
10386,EWGS,iShares MSCI Germany Small Cap,Global Equity ETF,
10404,EWM,iShares MSCI Malaysia Index Fund ETF,Global Equity ETF,
10413,EWSS,iShares MSCI Singapore Small Cap Fund,Global Equity ETF,
10354,EWZ,iShares MSCI Brazil Index Fund ETF,Global Equity ETF,
4520,EXA, Exa Corporation ,Technology,Application Software
1405,EXAR,Exar Corporation ,Technology,Semiconductor - Integrated Circuits
1408,EXC,Exelon Corporation Common ,Utilities,Diversified Utilities
1410,EXFO,EXFO Inc ,NULL,NULL
4523,EXG, Eaton Vance Tax-Managed Global  ,N/A,N/A
10414,EZA,iShares MSCI South Africa Index Fund ETF,Global Equity ETF,
1426,F,Ford Motor Company Common ,Consumer Goods,Auto Manufacturers - Major
10163,FAA,Guggenheim Airline ETF,Global Equity ETF,
4526,FAC, First Acceptance Corp ,Financial,Property & Casualty Insurance
1432,FAST,Fastenal Company ,Industrial Goods,General Building Materials
10056,FAUS,First Trust Australia AlphaDEX ETF,Global Equity ETF,
4536,FBIZ, First Business Financial Servic ,Financial,Regional - Midwest Banks
10058,FBZ,First Trust Brazil AlphaDEX ETF,Global Equity ETF,
1445,FCEL,FuelCell Energy Inc. ,Industrial Goods,Industrial Electrical Equipment
1447,FCFC,FirstCity Financial Corporation ,Financial,Mortgage Investment
1451,FCNCA,First Citizens BancShares Inc. ,Financial,Regional - Mid-Atlantic Banks
10072,FEMS,First Trust Emerging Markets SC AlphaDEX ETF,Global Equity ETF,
10042,FGEM,EGShares Financials GEMS ETF,Global Equity ETF,
4556,FHY, First Trust Strategic High Inco ,N/A,N/A
10295,FLOT,iShares Floating Rate Note ETF,Fixed Income ETF,
1505,FLOW,Flow International Corporation ,Industrial Goods,Diversified Machinery
1511,FLY,Fly Leasing Limited ,Services,Rental & Leasing Services
1515,FMD,First Marblehead Corporation (T ,Financial,Credit Services
1524,FNFG,First Niagara Financial Group I ,Financial,Savings & Loans
4571,FNHC, Federated National Holding Comp ,Financial,Property & Casualty Insurance
4573,FNV, Franco Nev Corp Common (Canada) ,Basic Materials,Gold
1538,FPP,FieldPoint Petroleum Corporatio ,Basic Materials,Independent Oil & Gas
1540,FRBK,Republic First Bancorp Inc. ,Financial,Regional - Northeast Banks
4591,FTT, Federated Enhanced Treasury Inc ,N/A,N/A
1579,FUQI,FUQI INTERNATIONAL ,Consumer Goods,Recreational Goods Other
10007,FWDB,AdvisorShares Madrona Forward Global Bond ETF,Fixed Income ETF,
1583,FWLT,Foster Wheeler AG. ,Industrial Goods,Heavy Construction
1584,FWRD,Forward Air Corporation ,Services,Air Delivery & Freight Services
4596,FXA, Rydex CurrencyShares Australian ,N/A,N/A
1588,G,Genpact Limited Common ,Services,Management Services
10926,GAF,SPDR S&P Emerging Middle East & Africa ETF,Global Equity ETF,
1594,GAIN,Gladstone Investment Corporatio ,Financial,Diversified Investments
4608,GAM, General American Investors  Inc ,Financial,Closed-End Fund - Equity
1607,GCAP,GAIN Capital Holdings Inc. Com ,Financial,Investment Brokerage - National
4621,GCH, Greater China Fund  Inc. Common ,Financial,Closed-End Fund - Foreign
1614,GDOT,Green Dot Corporation Class A C ,Services,Business Services
10512,GDXJ,Market Vectors Junior Gold Miners ETF,Global Equity ETF,
4631,GED, General Elec Cap Corp Preferred ,N/A,N/A
1617,GEF,Greif Inc. Class A Common ,Consumer Goods,Packaging & Containers
4632,GEG, General Electric Capital Corpor ,N/A,N/A
4633,GEJ, General Electric Capital Corpor ,N/A,N/A
10502,GERJ,Market Vectors Germany Small-Cap ETF,Global Equity ETF,
4639,GEVO, Gevo  Inc. ,Basic Materials,Chemicals - Major Diversified
4640,GF, New Germany Fund  Inc. (The) Co ,N/A,N/A
1632,GFI,Gold Fields Ltd. American Depos ,Basic Materials,Gold
4641,GFY, Western Asset Variable Rate Str ,Financial,Closed-End Fund - Debt
1635,GG,Goldcorp Incorporated Common St ,Basic Materials,Gold
4659,GLDC, Golden Enterprises  Inc. ,Consumer Goods,Processed & Packaged Goods
10149,GLDX,Global X Gold Explorers ETF,Global Equity ETF,
1665,GLF,GulfMark Offshore Inc. New Com ,Basic Materials,Oil & Gas Equipment & Services
1667,GLP,Global Partners LP Global Partn ,Services,Basic Materials Wholesale
4665,GLU, Gabelli Global Utility Common S ,Financial,Closed-End Fund - Equity
1673,GM,General Motors Company Common S ,Consumer Goods,Auto Manufacturers - Major
10920,GMF,SPDR S&P Emerging Asia Pacific ETF,Global Equity ETF,
1689,GNVC,GenVec Inc. ,Healthcare,Biotechnology
4675,GOLD, Randgold Resources Limited ,N/A,N/A
1704,GPR,GeoPetro Resources Co Common St ,Basic Materials,Major Integrated Oil & Gas
1720,GRT,Glimcher Realty Trust Common St ,Financial,REIT - Retail
1734,GSS,Golden Star Resources Ltd Comm ,Basic Materials,Gold
4700,GTAT, GT Advanced Technologies  Inc. ,Technology,Semiconductor - Specialized
4702,GTI, GrafTech International Ltd (Hol ,Industrial Goods,Industrial Electrical Equipment
10310,GTIP,iShares Global Inflation-Linked,Fixed Income ETF,
4708,GTU, Central Gold Trust Ordinary Sha ,Basic Materials,Gold
11058,GULF,WisdomTree Middle East Dividend ETF,Global Equity ETF,
4717,GV, Goldfield Corporation (The) Com ,Industrial Goods,Heavy Construction
10022,GVT,Columbia Concentrated Large Cap Value Strategy ETF,US Equity ETF,
10918,GXC,SPDR S&P China ETF,Global Equity ETF,
4727,GYA, Corporate Asset Backed Corp CAB ,N/A,N/A
4729,GYC, Corporate Asset Backed Corp CAB ,N/A,N/A
10184,HAO,Guggenheim China Small Cap ETF,Global Equity ETF,
4758,HBNC, Horizon Bancorp (IN) ,Financial,Regional - Northeast Banks
4768,HCKT, The Hackett Group  Inc. ,Services,Management Services
4789,HERO, Hercules Offshore  Inc. ,Basic Materials,Oil & Gas Drilling & Exploration
4839,HME, Home Properties  Inc. Common St ,Financial,REIT - Residential
4846,HMY, Harmony Gold Mining Company Lim ,Basic Materials,Gold
4852,HNSN, Hansen Medical  Inc. ,Healthcare,Medical Appliances & Equipment
4855,HNZ, H.J. Heinz Company Common ,Consumer Goods,Food - Major Diversified
4856,HOFT, Hooker Furniture Corporation ,Consumer Goods,Home Furnishings & Fixtures
4862,HOMB, Home BancShares  Inc. ,Financial,Money Center Banks
4869,HOVNP, Hovnanian Enterprises Inc ,N/A,N/A
4882,HPTX, Hyperion Therapeutics  Inc. ,Healthcare,Biotechnology
4889,HRG, Harbinger Group Inc Common Stoc ,Conglomerates,Conglomerates
4899,HSII, Heidrick & Struggles Internatio ,Services,Staffing & Outsourcing Services
4913,HTCO, Hickory Tech Corporation ,Technology,Telecom Services - Domestic
4921,HTLD, Heartland Express  Inc. ,Services,Trucking
4931,HUM, Humana Inc. Common ,Healthcare,Health Care Plans
4932,HUN, Huntsman Corporation Common Sto ,Basic Materials,Specialty Chemicals
4934,HURN, Huron Consulting Group Inc. ,Services,Management Services
4936,HVB, Hudson Valley Holding Corp. Com ,Financial,Regional - Northeast Banks
4940,HWBK, Hawthorn Bancshares  Inc. ,Financial,Regional - Northeast Banks
4941,HWCC, Houston Wire & Cable Company ,Services,Industrial Equipment Wholesale
4942,HWD, Harry Winston Diamond Corporati ,Basic Materials,Nonmetallic Mineral Mining
10497,HYEM,Market Vectors Emer Mkts Hi Yld Bond ETF,Fixed Income ETF,
4960,IAF, Aberdeen Australia Equity Fund  ,N/A,N/A
4964,IBA, Industrias Bachoco  S.A.B. de C ,Consumer Goods,Meat Products
10860,IBND,SPDR Barclays Capital International Corporate Bond ETF,Fixed Income ETF,
4973,IBOC, International Bancshares Corpor ,Financial,Regional - Southwest  Banks
4975,ICAD, icad inc. ,Technology,Technical & System Software
4979,ICFI, ICF International  Inc. ,Services,Management Services
4980,ICGE, ICG Group  Inc. ,Services,Business Services
4989,IDCC, InterDigital  Inc. ,Technology,Wireless Communications
4994,IDN, Intellicheck Mobilisa  Inc. Com ,Industrial Goods,Industrial Electrical Equipment
4997,IDT, IDT Corporation New Preferred S ,Technology,Diversified Communication Services
5009,IFON, InfoSonics Corp ,Services,Electronics Wholesale
5018,IGLD, Internet Gold Golden Lines Ltd. ,Technology,Diversified Communication Services
10486,IGOV,iShares S&P/Citigroup International Treasury Fund ETF,Fixed Income ETF,
10553,ILB,PIMCO Global Adv Inf-Linked Bond Str ETF,Fixed Income ETF,
5050,IMMU, Immunomedics  Inc. ,Healthcare,Biotechnology
1741,IMOS,ChipMOS TECHNOLOGIES (Bermuda)  ,Technology,Semiconductor Equipment & Materials
1743,IN,Intermec Inc. Common ,Technology,Computer Peripherals
10044,INCO,EGShares India Consumer ETF,Global Equity ETF,
1762,INT,World Fuel Services Corporation ,Basic Materials,Oil & Gas Refining & Marketing
1764,INTL,INTL FCStone Inc. ,Financial,Asset Management
1767,INTX,Intersections Inc. ,Services,Consumer Services
5061,INVN, InvenSense  Inc. Common ,Technology,Semiconductor - Integrated Circuits
5062,INWK, InnerWorkings  Inc. ,N/A,N/A
5064,INXN, InterXion Holding N.V. Ordinary ,Technology,Internet Information Providers
1778,IPAS,iPass Inc. ,Technology,Telecom Services - Foreign
1784,IPHI,Inphi Corporation Common ,Technology,Semiconductor - Broad Line
1803,ISF,ING Group N.V. Perp Hybrid Cap ,NULL,NULL
1812,ISR,IsoRay Inc. Common ,Healthcare,Medical Instruments & Supplies
1813,ISRG,Intuitive Surgical Inc. ,Healthcare,Medical Appliances & Equipment
10319,ITIP,iShares International Inflation-Linked ETF,Fixed Income ETF,
1826,ITT,ITT Corporation Common ,Industrial Goods,Diversified Machinery
1828,ITW,Illinois Tool Works Inc. Common ,Industrial Goods,Diversified Machinery
1831,IVC,Invacare Corporation Common Sto ,Healthcare,Medical Appliances & Equipment
1838,JAG,Jaguar Mining Inc Ordinary Shar ,Basic Materials,Gold
5083,JBI, Lehman ABS Cp 7.857% 7.875 CP B ,N/A,N/A
1851,JCOM,j2 Global Inc. ,Technology,Internet Software & Services
5090,JE, Just Energy Group  Inc. Ordinar ,Utilities,Diversified Utilities
5093,JFC, JF China Region  Fund  Inc. Com ,Financial,Closed-End Fund - Foreign
5095,JGBD, PowerShares DB 3X Inverse Govt  ,N/A,N/A
5096,JGBS, PowerShares DB Inverse Japanese ,N/A,N/A
5097,JGG, Nuveen Global Income Opportunit ,N/A,N/A
5099,JGV, Nuveen Global Value Opportuniti ,N/A,N/A
5121,JOY, Joy Global Inc. Common ,Industrial Goods,Farm & Construction Machinery
5129,JRO, Nuveen Floating Rate Income Opp ,N/A,N/A
1891,KB,KB Financial Group Inc ,Financial,Foreign Regional Banks
1893,KBH,KB Home Common ,Industrial Goods,Residential Construction
1896,KBX,Kimber Resources Inc Ordinary S ,Basic Materials,Gold
1903,KELYA,Kelly Services Inc. ,Services,Staffing & Outsourcing Services
1904,KEM,Kemet Corporation New Common St ,Technology,Diversified Electronics
1911,KEYW,The KEYW Holding Corporation ,Technology,Security Software & Services
1918,KFY,Korn/Ferry International Common ,Services,Staffing & Outsourcing Services
1921,KGN,Keegan Resources Inc Ordinary S ,Basic Materials,Gold
1930,KLAC,KLA-Tencor Corporation ,Technology,Semiconductor Equipment & Materials
5157,KMM, DSW  Multi-Market Income Trust  ,N/A,N/A
1941,KNX,Knight Transportation Inc. Com ,Services,Trucking
10495,KOL,Market Vectors Coal ETF,Global Equity ETF,
1951,KOPN,Kopin Corporation ,Technology,Semiconductor - Broad Line
1954,KR,Kroger Company (The) Common Sto ,Services,Grocery Stores
1957,KRG,Kite Realty Group Trust Common  ,Financial,REIT - Retail
5163,KRJ, Structured Products Corp 8.10 C ,N/A,N/A
1965,KT,KT Corporation Common ,Technology,Telecom Services - Foreign
5169,KTN, Structured Products Corp 8.205% ,N/A,N/A
1974,KWR,Quaker Chemical Corporation Com ,Basic Materials,Specialty Chemicals
10529,KWT,Market Vectors Solar Energy ETF,Global Equity ETF,
5172,KYE, Kayne Anderson Total Energy Ret ,N/A,N/A
10514,LATM,Market Vectors Latin America Small-Cap Index ETF,Global Equity ETF,
1994,LCAV,LCA-Vision Inc. ,Healthcare,Medical Practitioners
2011,LFC,China Life Insurance Company Li ,Financial,Life Insurance
10032,LGEM,EGShares Basic Materials GEMS ETF,Global Equity ETF,
2033,LL,Lumber Liquidators Holdings In ,Services,Home Improvement Stores
2036,LLNW,Limelight Networks Inc. ,Services,Business Services
2037,LLTC,Linear Technology Corporation ,Technology,Semiconductor - Specialized
2041,LMIA,LMI Aerospace Inc. ,Industrial Goods,Aerospace/Defense Products & Services
2054,LNN,Lindsay Corporation Common Stoc ,Industrial Goods,Farm & Construction Machinery
2058,LOCM,Local.com Corporation ,Technology,Internet Information Providers
2060,LOGM,LogMein Inc. ,Technology,Application Software
2062,LONG,eLong Inc. ,Services,Personal Services
2065,LORL,Loral Space and Communications ,Technology,Communication Equipment
2066,LOV,Spark Networks Inc. Common Sto ,Services,Consumer Services
2069,LPHI,Life Partners Holdings Inc ,Financial,Life Insurance
2070,LPL,LG Display Co Ltd AMERICAN DEP ,Technology,Diversified Electronics
2071,LPLA,LPL Financial Holdings Inc. ,Financial,Investment Brokerage - National
2075,LPTH,LightPath Technologies Inc. ,Technology,Semiconductor Equipment & Materials
2083,LSBK,Lake Shore Bancorp Inc. ,Financial,Savings & Loans
2084,LSCC,Lattice Semiconductor Corporati ,Technology,Semiconductor - Specialized
5204,LSKY, ETRACS Monthly 2xLeveraged ISE  ,N/A,N/A
2087,LSTR,Landstar System Inc. ,Services,Trucking
2112,LYB,LyondellBasell Industries NV Or ,Basic Materials,Specialty Chemicals
2113,LYG,Lloyds Banking Group Plc Americ ,Financial,Foreign Money Center Banks
5208,MACK, Merrimack Pharmaceuticals  Inc. ,Healthcare,Biotechnology
2130,MAPP,MAP Pharmaceuticals Inc. ,Healthcare,Drug Manufacturers - Other
5214,MAV, Pioneer Municipal High Income A ,Financial,Closed-End Fund - Debt
2141,MBFI,MB Financial Inc. ,Financial,Regional - Midwest Banks
2145,MBRG,Middleburg Financial Corporatio ,Financial,Regional - Mid-Atlantic Banks
10360,MCHI,iShares MSCI China ETF,Global Equity ETF,
2156,MCHP,Microchip Technology Incorporat ,Technology,Semiconductor - Specialized
2159,MCO,Moody's Corporation Common Stoc ,Services,Business Services
5224,MCR, MFS Charter Income Trust Common ,N/A,N/A
2170,MDCA,MDC Partners Inc. ,NULL,NULL
2195,MENT,Mentor Graphics Corporation ,Technology,Technical & System Software
2197,MERC,Mercer International Inc. ,Consumer Goods,Paper & Paper Products
5237,MFRM, Mattress Firm Holding Corp. ,Consumer Goods,Home Furnishings & Fixtures
5239,MFV, MFS Special Value Trust Common  ,Financial,Closed-End Fund - Debt
2210,MG,Mistras Group Inc Common ,Services,Technical Services
2212,MGAM,Multimedia Games Holding Compan ,Services,Gaming Activities
2231,MIC,Macquarie Infrastructure Compan ,Services,Basic Materials Wholesale
5256,MIN, MFS Intermediate Income Trust C ,Financial,Closed-End Fund - Debt
5262,MJI, Blackrock MuniYield New Jersey  ,N/A,N/A
2250,MLNK,ModusLink Global Solutions Inc ,Technology,Internet Software & Services
5276,MM, Millennial Media  Inc. Common S ,Services,Marketing Services
5278,MMT, MFS Multimarket Income Trust Co ,Financial,Closed-End Fund - Debt
2267,MNOV,MediciNova Inc. ,Healthcare,Biotechnology
2271,MNTA,Momenta Pharmaceuticals Inc. ,Healthcare,Biotechnology
2285,MOSY,MoSys Inc. ,Technology,Semiconductor - Integrated Circuits
2286,MOTR,Motricity Inc. ,Technology,Diversified Communication Services
5291,MPA, Blackrock MuniYield Pennsylvani ,N/A,N/A
2309,MS,Morgan Stanley Common ,Financial,Investment Brokerage - National
2317,MSFT,Microsoft Corporation ,Technology,Application Software
2320,MSM,MSC Industrial Direct Company  ,Services,Industrial Equipment Wholesale
2327,MT,Arcelor Mittal NY Registry Shar ,Basic Materials,Steel & Iron
2328,MTB,M&T Bank Corporation Common Sto ,Financial,Regional - Northeast Banks
5311,MTOR, Meritor  Inc. Common ,Consumer Goods,Auto Parts
5313,MTS, Montgomery Street Income Securi ,Financial,Closed-End Fund - Debt
2338,MTSC,MTS Systems Corporation ,Technology,Scientific & Technical Instruments
2344,MTZ,MasTec Inc. Common ,Industrial Goods,Heavy Construction
2345,MU,Micron Technology Inc. ,Technology,Semiconductor- Memory Chips
5323,MUX, McEwen Mining Inc. Common ,Basic Materials,Industrial Metals & Minerals
2357,MWW,Monster Worldwide Inc. Common  ,Services,Advertising Agencies
2359,MXIM,Maxim Integrated Products Inc. ,Technology,Semiconductor - Broad Line
2363,MY,China Ming Yang Wind Power Grou ,Industrial Goods,Diversified Machinery
2372,NAK,Northern Dynasty Minerals Ltd. ,Basic Materials,Industrial Metals & Minerals
2381,NAVG,The Navigators Group Inc. ,Financial,Property & Casualty Insurance
2392,NC,NACCO Industries Inc. Common S ,Industrial Goods,Farm & Construction Machinery
5362,NCB, Nuveen California Municipal Val ,N/A,N/A
2404,NE,Noble Corporation  New Common S ,Basic Materials,Oil & Gas Drilling & Exploration
2410,NEN,New England Realty Associates L ,Financial,Property Management
2415,NEWL,NewLead Holdings Ltd. ,Services,Shipping
2417,NEWP,Newport Corporation ,Services,Industrial Equipment Wholesale
2419,NEWT,Newtek Business Services Inc. ,Services,Business Services
2421,NFBK,Northfield Bancorp Inc. ,Financial,Regional - Northeast Banks
2425,NFP,National Financial Partners Cor ,Financial,Insurance Brokers
2441,NIHD,NII Holdings Inc. ,Technology,Wireless Communications
2443,NILE,Blue Nile Inc. ,Services,Jewelry Stores
5394,NLSN, Nielsen Holdings N.V. Common St ,Technology,Information & Delivery Services
2454,NLST,Netlist Inc. ,Technology,Semiconductor- Memory Chips
2458,NMM,Navios Maritime Partners LP Com ,Services,Shipping
5405,NMY, Nuveen Maryland Premium Income  ,Financial,Closed-End Fund - Debt
2461,NNA,Navios Maritime Acquisition Cor ,Services,Shipping
2479,NPO,Enpro Industries Inc ,Industrial Goods,Industrial Equipment & Components
5425,NQ, NQ Mobile Inc. American Deposit ,Technology,Application Software
2488,NRT,North European Oil Royality Tru ,Financial,Diversified Investments
2497,NSU,Nevsun Resources Ltd Ordinary S ,Basic Materials,Gold
2507,NTRI,NutriSystem Inc ,Services,Consumer Services
2512,NTZ,Natuzzi S.p.A. ,Consumer Goods,Home Furnishings & Fixtures
2530,NVTL,Novatel Wireless Inc. ,Technology,Diversified Communication Services
5463,NVY, Nuveen Pennsylvania Dividend Ad ,N/A,N/A
2538,NWPX,Northwest Pipe Company ,Basic Materials,Steel & Iron
5464,NXC, Nuveen California Select Tax-Fr ,Financial,Closed-End Fund - Debt
2554,OABC,OmniAmerican Bancorp Inc. ,Financial,Regional - Southwest  Banks
2564,OCR,Omnicare Inc. Common ,Services,Drugs Wholesale
2569,OEH,Orient-Express Hotels Ltd. Comm ,Services,Lodging
2570,OESX,Orion Energy Systems Inc. Comm ,Technology,Diversified Electronics
2574,OFIX,Orthofix International N.V. ,Healthcare,Medical Appliances & Equipment
2582,OINK,Tianli Agritech Inc. ,Consumer Goods,Food - Major Diversified
2587,OLBK,Old Line Bancshares Inc. ,Financial,Regional - Mid-Atlantic Banks
2595,OMEX,Odyssey Marine Exploration Inc ,Services,Research Services
2598,OMN,OMNOVA Solutions Inc. Common St ,Basic Materials,Specialty Chemicals
2605,ONNN,ON Semiconductor Corporation ,Technology,Semiconductor - Broad Line
2606,ONP,Orient Paper Inc. NEW Common S ,Consumer Goods,Paper & Paper Products
2621,ORA,Ormat Technologies Inc. Common ,Utilities,Electric Utilities
2643,OTIV,On Track Innovations Ltd ,Technology,Semiconductor - Specialized
5500,OTT, Otelco  Inc. ,N/A,N/A
2646,OVBC,Ohio Valley Banc Corp. ,Financial,Regional - Midwest Banks
2660,PAAS,Pan American Silver Corp. ,NULL,NULL
2663,PACR,Pacer International Inc. ,Services,Railroads
2676,PBI,Pitney Bowes Inc. Common ,Consumer Goods,Business Equipment
2681,PBTH,PROLOR Biotech Inc. Common Sto ,Healthcare,Biotechnology
2684,PCAR,PACCAR Inc. ,Consumer Goods,Trucks & Other Vehicles
2688,PCG,Pacific Gas & Electric Co. Comm ,Utilities,Electric Utilities
5518,PCK, Pimco California Municipal Inco ,N/A,N/A
5521,PCO, Pendrell Corporation ,Technology,Wireless Communications
5522,PCOM, Points International  Ltd. ,N/A,N/A
2692,PCP,Precision Castparts Corporation ,Industrial Goods,Metal Fabrication
5532,PERM, Global X Permanent ETF ,N/A,N/A
2723,PFBC,Preferred Bank ,Financial,Regional - Pacific Banks
2730,PFSW,PFSweb Inc. ,Services,Business Services
2735,PGI,Premiere Global Services Inc ,Technology,Diversified Communication Services
5545,PGP, Pimco Global ,N/A,N/A
2743,PHI,Philippine Long Distance Teleph ,Technology,Telecom Services - Foreign
2744,PHII,PHI Inc. ,Services,Air Services Other
5551,PHYS, Sprott Physical Gold Trust ETV ,N/A,N/A
10640,PICB,PowerShares International Corporate Bond Portfolio ETF,Fixed Income ETF,
10390,PICK,iShares MSCI Global Select Metals & Mining Producers Fund ETF,Global Equity ETF,
10636,PIN,PowerShares India Portfolio ETF,Global Equity ETF,
5559,PKH, Merrill Lynch Depositor Inc Pre ,N/A,N/A
5562,PKO, Pimco Income Opportunity Fund C ,N/A,N/A
10627,PKOL,PowerShares Global Coal Portfolio ETF,Global Equity ETF,
2764,PKY,Parkway Properties Inc. Common ,Financial,REIT - Office
2789,PMFG,PMFG Inc. ,Industrial Goods,Diversified Machinery
10652,PMNA,PowerShares MENA Frontier Countries Portfolio ETF,Global Equity ETF,
2795,PNG,PAA Natural Gas Storage L.P. C ,Utilities,Gas Utilities
5573,PNI, Pimco New York Municipal Income ,N/A,N/A
5574,PNNT, PennantPark Investment Corporat ,N/A,N/A
2809,POPE,Pope Resources ,Industrial Goods,Lumber Wood Production
2816,PPBI,Pacific Premier Bancorp Inc ,Financial,Regional - Pacific Banks
2826,PRAN,Prana Biotechnology Ltd ,NULL,NULL
2851,PRXI,Premier Exhibitions Inc. ,Services,General Entertainment
10629,PSAU,PowerShares Global Gold and Precious Metals Portfolio ETF,Global Equity ETF,
5586,PSF, Cohen & Steers Select Preferred ,N/A,N/A
2860,PSO,Pearson Plc Common ,Services,Publishing - Books
5590,PSW, BlackRock Credit Allocation Inc ,N/A,N/A
5592,PSY, Blackrock Credit Allocation Inc ,N/A,N/A
2868,PT,Portugal Telecom SGPS S.A . Co ,Technology,Wireless Communications
2872,PTIX,Performance Technologies Incor ,Technology,Networking & Communication Devices
10635,PTO,PowerShares Ibbotson Alternative Completion Portfolio ETF,US Equity ETF,
2876,PTR,PetroChina Company Limited Comm ,Basic Materials,Major Integrated Oil & Gas
2877,PTRY,The Pantry Inc. ,Services,Grocery Stores
2880,PTX,Pernix Therapeutics Holdings I ,Healthcare,Drug Manufacturers - Other
2885,PURE,PURE Bioscience Inc. ,Basic Materials,Chemicals - Major Diversified
10633,PWND,PowerShares Global Wind Energy Portfolio ETF,Global Equity ETF,
2900,PWRD,Perfect World Co. Ltd. ,Technology,Multimedia & Graphics Software
2901,PX,Praxair Inc. Common ,Basic Materials,Synthetics
10628,PXR,PowerShares Global Emerging Markets Infrastructure Portfolio ETF,Global Equity ETF,
5604,PYS, Merrill Lynch Depositor Inc PPl ,N/A,N/A
2917,QDEL,Quidel Corporation ,Healthcare,Diagnostic Substances
10688,RALS,ProShares RAFI® Long/Short ETF,Commodity Based ETF,
2951,RBY,Rubicon Minerals Corporation Or ,Basic Materials,Gold
2952,RCI,Rogers Communication Inc. Comm ,Technology,Wireless Communications
2956,RCL,Royal Caribbean Cruises Ltd. Co ,Services,Resorts & Casinos
2964,RDN,Radian Group Inc. Common ,Financial,Property & Casualty Insurance
2965,RDNT,RadNet Inc. ,Healthcare,Medical Laboratories & Research
2969,RECN,Resources Connection Inc. ,Services,Management Services
2977,RELL,Richardson Electronics Ltd. ,Services,Electronics Wholesale
2988,RFMD,RF Micro Devices Inc. ,Technology,Semiconductor - Integrated Circuits
5627,RGLD, Royal Gold  Inc. ,Basic Materials,Gold
3004,RIO,Rio Tinto Plc Common ,Basic Materials,Industrial Metals & Minerals
3007,RJF,Raymond James Financial Inc. C ,Financial,Investment Brokerage - Regional
3013,RLOC,ReachLocal Inc. ,Services,Advertising Agencies
3014,RLOG,Rand Logistics Inc. ,Services,Shipping
5647,RNF, Rentech Nitrogen Partners  L.P. ,Basic Materials,Agricultural Chemicals
3022,RNIN,Wireless Ronin Technologies In ,Technology,Business Software & Services
5653,RPAI, Retail Properties of America  I ,Financial,REIT - Diversified
5654,RPI, Roberts Realty Investors  Inc.  ,Financial,REIT - Retail
10004,RRGR,AdvisorShares Global Alpha & Beta ETF,Global Equity ETF,
3071,RUK,Reed Elsevier NV PLC New ADS ,Services,Publishing - Periodicals
5665,RVM, Revett Minerals Inc New Common  ,Basic Materials,Industrial Metals & Minerals
3081,RYAAY,Ryanair Holdings plc ,NULL,NULL
3084,S,Sprint  Nextel Corporation Comm ,Technology,Wireless Communications
3094,SALM,Salem Communications Corporatio ,Services,Broadcasting - Radio
3104,SATS,EchoStar Corporation ,Technology,Communication Equipment
3110,SBGI,Sinclair Broadcast Group Inc. ,Services,Broadcasting - TV
3111,SBH,Sally Beauty Holdings Inc. (Na ,Services,Specialty Retail Other
3116,SBS,Companhia de saneamento Basico  ,Utilities,Foreign Utilities
3120,SBX,SeaBright Holdings Inc. Common ,Financial,Surety & Title Insurance
5681,SCHN, Schnitzer Steel Industries  Inc ,Basic Materials,Steel & Iron
10868,SCPB,SPDR Barclays Capital Short Term Corporate Bond ETF,Fixed Income ETF,
3150,SEB,Seaboard Corporation Common Sto ,Consumer Goods,Meat Products
3151,SEE,Sealed Air Corporation Common S ,Consumer Goods,Packaging & Containers
3162,SFG,StanCorp Financial Group Inc.  ,Financial,Accident & Health Insurance
3176,SGMA,SigmaTron International Inc. ,Technology,Printed Circuit Boards
3187,SHI,SINOPEC Shangai Petrochemical C ,Basic Materials,Oil & Gas Refining & Marketing
3194,SHOR,ShoreTel Inc. ,Technology,Communication Equipment
3195,SHP,ShangPharma Corporation America ,Healthcare,Biotechnology
3199,SI,Siemens AG American Depositary  ,Technology,Telecom Services - Foreign
3201,SID,Companhia Siderurgica Nacional  ,Basic Materials,Steel & Iron
10157,SIL,Global X Silver Miners ETF,Global Equity ETF,
3220,SJM,J.M. Smucker Company (The) New  ,Consumer Goods,Processed & Packaged Goods
3221,SJR,Shaw Communications Inc. Common ,Services,CATV Systems
5713,SLA, American Select Portfolio  Inc. ,Financial,Closed-End Fund - Debt
3240,SLT,Sterlite Industries (India) Lim ,Basic Materials,Copper
10391,SLVP,iShares MSCI Global Silver Miners Fund ETF,Global Equity ETF,
10530,SLX,Market Vectors Steel Index ETF Fund ETF,US Equity ETF,
10527,SMH,Market Vectors Semiconductor ETF,US Equity ETF,
3253,SMI,Semiconductor  Manufacturing In ,Technology,Semiconductor - Integrated Circuits
3255,SMP,Standard Motor Products Inc. C ,Consumer Goods,Auto Parts
3262,SMTX,SMTC Corporation ,Technology,Printed Circuit Boards
3267,SNDK,SanDisk Corporation ,Technology,Data Storage Devices
3268,SNE,Sony Corporation Common ,Consumer Goods,Electronic Equipment
3273,SNMX,Senomyx Inc. ,Basic Materials,Specialty Chemicals
3288,SOHU,Sohu.com Inc. ,Technology,Internet Information Providers
3292,SON,Sonoco Products Company Common  ,Consumer Goods,Paper & Paper Products
3293,SONA,Southern National Bancorp of Vi ,Financial,Regional - Mid-Atlantic Banks
3299,SPAR,Spartan Motors Inc. ,Consumer Goods,Trucks & Other Vehicles
3308,SPIR,Spire Corporation ,Technology,Semiconductor - Broad Line
3312,SPNC,The Spectranetics Corporation ,Healthcare,Medical Appliances & Equipment
3319,SPRO,SmartPros Ltd. ,Services,Education & Training Services
3330,SRCL,Stericycle Inc. ,Industrial Goods,Waste Management
3339,SSI,Stage Stores Inc. Common ,Services,Apparel Stores
3343,SSP,E.W. Scripps Company (The) Comm ,Services,Publishing - Newspapers
10871,SST,SPDR Barclays Capital Short Term Treasury ETF,Fixed Income ETF,
3347,SSW,Seaspan Corporation Seaspan Cor ,Services,Shipping
3352,STAN,Standard Parking Corporation ,Services,Consumer Services
3365,STLD,Steel Dynamics Inc. ,Basic Materials,Steel & Iron
3370,STND,Standard Financial Corp. ,Financial,Regional - Northeast Banks
3380,STRM,Streamline Health Solutions In ,Technology,Healthcare Information Services
3384,STS,Supreme Industries Inc. Common ,Consumer Goods,Trucks & Other Vehicles
3390,STZ,Constellation Brands Inc. Comm ,Consumer Goods,Beverages - Wineries & Distillers
3396,SUNH,Sun Healthcare Group Inc. ,Healthcare,Long-Term Care Facilities
3401,SUSS,Susser Holdings Corporation ,Services,Grocery Stores
3405,SVM,Silvercorp Metals Inc Ordinary  ,Basic Materials,Silver
5761,SVT, Servotronics  Inc. Common ,Industrial Goods,Industrial Electrical Equipment
3420,SWY,Safeway Inc. Common ,Services,Grocery Stores
5767,SXC, SunCoke Energy  Inc. Common Sto ,Basic Materials,Steel & Iron
3427,SYKE,Sykes Enterprises Incorporated ,Technology,Information Technology Services
3430,SYMX,Synthesis Energy Systems Inc. ,Basic Materials,Specialty Chemicals
3443,TAC,TransAlta Corporation Ordinary  ,Utilities,Diversified Utilities
3448,TAST,Carrols Restaurant Group Inc. ,Services,Restaurants
5789,TCHI, RBS China Trendpilot Exchange T ,N/A,N/A
3470,TDBK,TIDELANDS BANCSHARES ,Financial,Regional - Mid-Atlantic Banks
5792,TDF, Templeton Dragon Fund  Inc. Com ,N/A,N/A
3489,TER,Teradyne Inc. Common ,Technology,Semiconductor Equipment & Materials
3495,TFSL,TFS Financial Corporation ,Financial,Regional - Midwest Banks
3498,TGA,Transglobe Energy Corp ,Basic Materials,Independent Oil & Gas
5803,TGD, Timmins Gold Corp Common Shares ,Basic Materials,Gold
3530,TISA,Top Image Systems Ltd. ,Technology,Computer Peripherals
3546,TMH,Team Health Holdings Inc. Team ,Services,Staffing & Outsourcing Services
5815,TMS, TMS International Corp. Class A ,Industrial Goods,Diversified Machinery
3555,TNK,Teekay Tankers Ltd. ,Services,Shipping
3557,TNS,TNS Inc. Common ,Technology,Communication Equipment
3558,TOF,Tofutti Brands Inc. Common Stoc ,Consumer Goods,Food - Major Diversified
3567,TPC,Tutor Perini Corporation Common ,Industrial Goods,Heavy Construction
3578,TREE,Tree.com Inc. ,Financial,Mortgage Investment
3582,TRI,Thomson Reuters Corp Ordinary S ,Technology,Information & Delivery Services
3586,TRLG,True Religion Apparel Inc. ,Consumer Goods,Textile - Apparel Clothing
3588,TRMD,TORM A/S ,NULL,NULL
5826,TRNX, Tornier N.V. ,Healthcare,Medical Instruments & Supplies
5827,TROV, TrovaGene  Inc. ,Healthcare,Biotechnology
3595,TRR,TRC Companies Inc. Common Stoc ,Industrial Goods,Waste Management
10548,TRSY,PIMCO Broad U.S. Treasury Index Fund ETF,Fixed Income ETF,
3608,TSM,Taiwan Semiconductor Manufactur ,Technology,Semiconductor - Integrated Circuits
5836,TST, TheStreet  Inc. ,Technology,Internet Information Providers
5841,TTTM, T3 Motion Inc Common ,N/A,N/A
3630,TUC,Mac-Gray Corporation Common Sto ,Services,Consumer Services
3634,TVL,LIN TV Corp Common ,Services,Broadcasting - TV
3635,TW,Towers Watson & Co Common ,Services,Management Services
5847,TWN, Taiwan Fund  Inc. (The) Common  ,N/A,N/A
3663,UBP,Urstadt Biddle Properties Inc.  ,NULL,NULL
10730,UBR,ProShares Ultra MSCI Brazil ETF,Commodity Based ETF,
5874,UBS, UBS AG Common ,Financial,Foreign Money Center Banks
3667,UCBI,United Community Banks Inc. ,Financial,Regional - Mid-Atlantic Banks
3670,UDR,UDR Inc. Common ,Financial,REIT - Residential
10758,UINF,ProShares UltraPro 10 Year TIPS/TSY Spread ETF,Commodity Based ETF,
3695,UMC,United Microelectronics Corpora ,Technology,Semiconductor Equipment & Materials
10735,UMX,ProShares Ultra MSCI Mexico Investable Market ETF,Commodity Based ETF,
3714,UQM,UQM TECHNOLOGIES INC Common Sto ,Industrial Goods,Industrial Electrical Equipment
3722,USAP,Universal Stainless & Alloy Pro ,Basic Materials,Steel & Iron
10750,USD,ProShares Ultra Semiconductors ETF,Commodity Based ETF,
3742,UTSI,UTStarcom Holdings Corp ,Technology,Wireless Communications
10736,UXJ,ProShares Ultra MSCI Pacific ex-Japan ETF,Commodity Based ETF,
5906,VC, Visteon Corporation Common Stoc ,Consumer Goods,Auto Parts
3757,VCBI,Virginia Commerce Bancorp ,Financial,Regional - Mid-Atlantic Banks
5907,VCF, Delaware Investments Colorado M ,Financial,Closed-End Fund - Debt
5914,VHS, Vanguard Health Systems  Inc. C ,Healthcare,Hospitals
3775,VII,Vicon Industries Inc Common S ,Technology,Diversified Electronics
3782,VIV,Telefonica Brasil S.A. ADS ,Technology,Wireless Communications
3797,VOD,Vodafone Group Plc ,NULL,NULL
3806,VRA,Vera Bradley Inc. ,Consumer Goods,Textile - Apparel Footwear & Accessories
10956,VRD,SPDR S&P VRDO Municipal Bond ETF,Fixed Income ETF,
3807,VRML,Vermillion Inc. ,Healthcare,Diagnostic Substances
5939,VVR, Invesco Van Kampen Senior Incom ,N/A,N/A
3845,WAVX,Wave Systems Corp. ,Technology,Security Software & Services
3846,WAYN,Wayne Savings Bancshares Inc. ,Financial,Savings & Loans
3849,WBK,Westpac Banking Corporation Com ,Financial,Foreign Money Center Banks
3876,WGA,Wells-Gardner Electronics Corpo ,Technology,Diversified Electronics
5955,WHZ, Whiting USA Trust II Units of B ,Basic Materials,Independent Oil & Gas
5956,WIA, Western Asset/Claymore Inflatio ,Financial,Closed-End Fund - Debt
3883,WIBC,Wilshire Bancorp Inc. ,Financial,Regional - Midwest Banks
3887,WIRE,Encore Wire Corporation ,Technology,Diversified Electronics
3888,WIT,Wipro Limited Common ,Technology,Information Technology Services
3889,WLB,Westmoreland Coal Company ,Basic Materials,Industrial Metals & Minerals
3891,WLFC,Willis Lease Finance Corporatio ,Services,Rental & Leasing Services
3893,WLK,Westlake Chemical Corporation C ,Basic Materials,Specialty Chemicals
3904,WMT,Wal-Mart Stores Inc. Common St ,Services,Discount Variety Stores
3918,WR,Westar Energy Inc. Common Stoc ,Utilities,Diversified Utilities
3931,WSFS,WSFS Financial Corporation ,Financial,Regional - Mid-Atlantic Banks
3933,WSM,Williams-Sonoma Inc. Common St ,Services,Home Furnishing Stores
3945,WTSLA,The Wet Seal Inc. ,Services,Apparel Stores
5975,XFP, Lehman ABS Corporation 6.125% A ,N/A,N/A
3968,XIDE,Exide Technologies ,Industrial Goods,Industrial Electrical Equipment
3969,XIN,Xinyuan Real Estate Co Ltd Amer ,Industrial Goods,Residential Construction
10944,XME,SPDR S&P Metals and Mining ETF,US Equity ETF,
10873,XOVR,SPDR BofA ML Crossover Corp Bond ETF,Fixed Income ETF,
5982,XOXO, XO Group  Inc. Common ,Services,Specialty Retail  Other
10955,XTN,SPDR S&P Transportation ETF,US Equity ETF,
10182,YAO,Guggenheim China All-Cap ETF,Global Equity ETF,
5989,YINN, Direxion Daily China Bull 3x Sh ,N/A,N/A
3996,YOKU,Youku Inc. American Depositary  ,Technology,Internet Information Providers
4002,YUII,YUHE INT`L INC ,Consumer Goods,Food - Major Diversified
5993,ZA, Zuoan Fashion Limited American  ,Consumer Goods,Textile - Apparel Clothing
4006,ZBB,ZBB Energy Corporation Common S ,Industrial Goods,Industrial Electrical Equipment
4012,ZIGO,Zygo Corporation ,Technology,Scientific & Technical Instruments
4017,ZIXI,Zix Corporation ,Technology,Application Software
6003,ZZC, Sealy Corporation 8% Senior Sec ,N/A,N/A
